-- M4D seed data — proveedores, productos y clientes reales

-- ─── SUPPLIERS ────────────────────────────────────────────────────────────────
INSERT INTO suppliers (id, name, country, website, contact_email) VALUES
  ('11111111-0000-0000-0000-000000000001', 'Mesa Italia',  'Italia',   'https://www.mesaitalia.it',   'info@mesaitalia.it'),
  ('11111111-0000-0000-0000-000000000002', 'Paragon',      'USA',      'https://www.paragon-dental.com', 'info@paragon-dental.com'),
  ('11111111-0000-0000-0000-000000000003', 'XTCera',       'China',    'https://www.xtcera.com',     'info@xtcera.com'),
  ('11111111-0000-0000-0000-000000000004', 'Dof Lab',      'Alemania', 'https://www.doflab.com',     'info@doflab.com'),
  ('11111111-0000-0000-0000-000000000005', 'Hass bio',     'Corea',    'https://www.hassbio.com',    'info@hassbio.com');

-- ─── SUPPLIER FAMILIES ────────────────────────────────────────────────────────
INSERT INTO supplier_families (supplier_id, family) VALUES
  ('11111111-0000-0000-0000-000000000001', 'machines'),
  ('11111111-0000-0000-0000-000000000001', 'consumables'),
  ('11111111-0000-0000-0000-000000000002', 'machines'),
  ('11111111-0000-0000-0000-000000000002', 'software'),
  ('11111111-0000-0000-0000-000000000003', 'consumables'),
  ('11111111-0000-0000-0000-000000000004', 'machines'),
  ('11111111-0000-0000-0000-000000000004', 'software'),
  ('11111111-0000-0000-0000-000000000004', 'consumables'),
  ('11111111-0000-0000-0000-000000000005', 'machines'),
  ('11111111-0000-0000-0000-000000000005', 'consumables');

-- ─── PRODUCTS ─────────────────────────────────────────────────────────────────
INSERT INTO products (id, supplier_id, family, name, description, reference, price_ref, unit) VALUES
  -- Mesa Italia
  ('22222222-0000-0000-0000-000000000001', '11111111-0000-0000-0000-000000000001', 'machines',    'DWX-52DCG',           'Fresadora 5 ejes + amoladora cerámica', 'DWX-52DCG',   28500, 'unit'),
  ('22222222-0000-0000-0000-000000000002', '11111111-0000-0000-0000-000000000001', 'machines',    'DWX-4W',              'Fresadora 4 ejes húmedo',              'DWX-4W',      14900, 'unit'),
  ('22222222-0000-0000-0000-000000000003', '11111111-0000-0000-0000-000000000001', 'consumables', 'Disco Zirconia MT 98mm', 'Zirconia multilayer 98mm',          'ZR-MT-98',       88, 'unit'),
  ('22222222-0000-0000-0000-000000000004', '11111111-0000-0000-0000-000000000001', 'consumables', 'Disco PMMA Multicolor', 'PMMA multicolor 98mm',              'PMMA-MC-98',     45, 'unit'),
  -- Paragon
  ('22222222-0000-0000-0000-000000000005', '11111111-0000-0000-0000-000000000002', 'machines',    'Paragon S3',          'Fresadora 5 ejes alta velocidad',       'PAR-S3',      32000, 'unit'),
  ('22222222-0000-0000-0000-000000000006', '11111111-0000-0000-0000-000000000002', 'machines',    'Paragon S1',          'Fresadora 4 ejes de banco',             'PAR-S1',      12500, 'unit'),
  ('22222222-0000-0000-0000-000000000007', '11111111-0000-0000-0000-000000000002', 'software',    'Paragon CAD',         'Software CAD dental paramétrico',       'PAR-CAD',      3500, 'license'),
  ('22222222-0000-0000-0000-000000000008', '11111111-0000-0000-0000-000000000002', 'software',    'Paragon Nest',        'Software anidado optimizado de discos', 'PAR-NEST',     1200, 'license'),
  -- XTCera
  ('22222222-0000-0000-0000-000000000009', '11111111-0000-0000-0000-000000000003', 'consumables', 'XT-Z ST 98mm',        'Zirconia standard translucency',        'XTZ-ST-98',      76, 'unit'),
  ('22222222-0000-0000-0000-000000000010', '11111111-0000-0000-0000-000000000003', 'consumables', 'XT-Z HT 98mm',        'Zirconia high translucency',            'XTZ-HT-98',      89, 'unit'),
  ('22222222-0000-0000-0000-000000000011', '11111111-0000-0000-0000-000000000003', 'consumables', 'XT-Z ML Multilayer',  'Zirconia multilayer gradient',          'XTZ-ML-98',     115, 'unit'),
  ('22222222-0000-0000-0000-000000000012', '11111111-0000-0000-0000-000000000003', 'consumables', 'XT-PMMA',             'Bloques acrílico 98mm',                 'XTPMMA-98',      38, 'unit'),
  ('22222222-0000-0000-0000-000000000013', '11111111-0000-0000-0000-000000000003', 'consumables', 'XT-Wax CAD',          'Cera de calcinación CAD/CAM',           'XTW-98',         28, 'unit'),
  ('22222222-0000-0000-0000-000000000014', '11111111-0000-0000-0000-000000000003', 'consumables', 'XT-Zr Coloring Liquid', 'Líquido colorante para zirconia',     'XTCL-SET',      240, 'set'),
  -- Dof Lab
  ('22222222-0000-0000-0000-000000000015', '11111111-0000-0000-0000-000000000004', 'machines',    'Ceramill Motion 2',   'Fresadora 5 ejes húmedo/seco',          'CM-MOTION2',  18500, 'unit'),
  ('22222222-0000-0000-0000-000000000016', '11111111-0000-0000-0000-000000000004', 'machines',    'Ceramill Matik',      'Fresadora 5 ejes automática',           'CM-MATIK',    24900, 'unit'),
  ('22222222-0000-0000-0000-000000000017', '11111111-0000-0000-0000-000000000004', 'software',    'Ceramill Mind',       'Software CAM para fresadoras Ceramill', 'CM-MIND',      2800, 'license'),
  ('22222222-0000-0000-0000-000000000018', '11111111-0000-0000-0000-000000000004', 'software',    'Ceramill Connect',    'Gestión integral del laboratorio',      'CM-CONNECT',   1600, 'license'),
  ('22222222-0000-0000-0000-000000000019', '11111111-0000-0000-0000-000000000004', 'consumables', 'Ceramill Zolid FX',   'Zirconia 5Y multilayer Dof Lab',        'CZ-FX-98',       98, 'unit'),
  ('22222222-0000-0000-0000-000000000020', '11111111-0000-0000-0000-000000000004', 'consumables', 'Ceramill COMP',       'Composite CAD/CAM',                     'CC-COMP-98',     52, 'unit'),
  -- Hass bio
  ('22222222-0000-0000-0000-000000000021', '11111111-0000-0000-0000-000000000005', 'machines',    'HS-500',              'Fresadora 5 ejes húmedo/seco',          'HS-500',      16800, 'unit'),
  ('22222222-0000-0000-0000-000000000022', '11111111-0000-0000-0000-000000000005', 'machines',    'HS-300',              'Fresadora 3 ejes seco',                 'HS-300',       8900, 'unit'),
  ('22222222-0000-0000-0000-000000000023', '11111111-0000-0000-0000-000000000005', 'consumables', 'Disco Zirconia ST 98mm', 'Zirconia ST Hass bio 98mm',          'HB-ZR-ST',       82, 'unit'),
  ('22222222-0000-0000-0000-000000000024', '11111111-0000-0000-0000-000000000005', 'consumables', 'Disco Zirconia HT 98mm', 'Zirconia HT Hass bio 98mm',          'HB-ZR-HT',       94, 'unit'),
  ('22222222-0000-0000-0000-000000000025', '11111111-0000-0000-0000-000000000005', 'consumables', 'Discos PMMA Hass bio', 'PMMA monocolor y multicolor 98mm',     'HB-PMMA-98',     40, 'unit');

-- ─── CLIENTS ──────────────────────────────────────────────────────────────────
INSERT INTO clients (id, name, company_type, country, city, contact_email, iberinform_score) VALUES
  ('33333333-0000-0000-0000-000000000001', 'DSL Dental Solution Lab',        'Laboratorio dental',  'Portugal', 'Lisboa',    'info@dsldentallab.pt',  'B+'),
  ('33333333-0000-0000-0000-000000000002', 'The Lumina',                     'Clínica dental',      'Portugal', 'Porto',     NULL,                    'A'),
  ('33333333-0000-0000-0000-000000000003', 'Infinidente',                    'Laboratorio dental',  'España',   'Madrid',    NULL,                    'B'),
  ('33333333-0000-0000-0000-000000000004', 'Dental Corgo',                   'Laboratorio dental',  'Portugal', 'Braga',     NULL,                    'C+'),
  ('33333333-0000-0000-0000-000000000005', 'DMT - Dental Milling Technology','Centro de fresado',   'España',   'Barcelona', NULL,                    'A-'),
  ('33333333-0000-0000-0000-000000000006', 'PMF',                            'Laboratorio dental',  'España',   'Valencia',  NULL,                    'B+');

-- ─── SAMPLE CONSUMPTION HISTORY ───────────────────────────────────────────────
INSERT INTO consumption_history (client_id, product_id, supplier_id, quantity, unit_price, sale_price, date) VALUES
  ('33333333-0000-0000-0000-000000000001', '22222222-0000-0000-0000-000000000015', '11111111-0000-0000-0000-000000000004', 1,  16000, 18500, '2026-01-15'),
  ('33333333-0000-0000-0000-000000000001', '22222222-0000-0000-0000-000000000023', '11111111-0000-0000-0000-000000000005', 10, 70,    820,   '2026-02-10'),
  ('33333333-0000-0000-0000-000000000001', '22222222-0000-0000-0000-000000000023', '11111111-0000-0000-0000-000000000005', 8,  70,    656,   '2026-04-20'),
  ('33333333-0000-0000-0000-000000000001', '22222222-0000-0000-0000-000000000023', '11111111-0000-0000-0000-000000000005', 10, 70,    820,   '2026-06-15'),
  ('33333333-0000-0000-0000-000000000002', '22222222-0000-0000-0000-000000000007', '11111111-0000-0000-0000-000000000002', 1,  3000,  3500,  '2026-02-01'),
  ('33333333-0000-0000-0000-000000000002', '22222222-0000-0000-0000-000000000009', '11111111-0000-0000-0000-000000000003', 15, 65,    1125,  '2026-03-10'),
  ('33333333-0000-0000-0000-000000000002', '22222222-0000-0000-0000-000000000009', '11111111-0000-0000-0000-000000000003', 12, 65,    900,   '2026-05-20'),
  ('33333333-0000-0000-0000-000000000003', '22222222-0000-0000-0000-000000000001', '11111111-0000-0000-0000-000000000001', 1,  24000, 28500, '2026-01-20'),
  ('33333333-0000-0000-0000-000000000003', '22222222-0000-0000-0000-000000000003', '11111111-0000-0000-0000-000000000001', 20, 75,    1760,  '2026-03-01'),
  ('33333333-0000-0000-0000-000000000003', '22222222-0000-0000-0000-000000000003', '11111111-0000-0000-0000-000000000001', 18, 75,    1584,  '2026-05-05'),
  ('33333333-0000-0000-0000-000000000004', '22222222-0000-0000-0000-000000000012', '11111111-0000-0000-0000-000000000003', 25, 32,    950,   '2026-02-15'),
  ('33333333-0000-0000-0000-000000000004', '22222222-0000-0000-0000-000000000012', '11111111-0000-0000-0000-000000000003', 20, 32,    760,   '2026-04-10'),
  ('33333333-0000-0000-0000-000000000004', '22222222-0000-0000-0000-000000000012', '11111111-0000-0000-0000-000000000003', 22, 32,    836,   '2026-06-12'),
  ('33333333-0000-0000-0000-000000000005', '22222222-0000-0000-0000-000000000005', '11111111-0000-0000-0000-000000000002', 1,  28000, 32000, '2026-01-10'),
  ('33333333-0000-0000-0000-000000000005', '22222222-0000-0000-0000-000000000007', '11111111-0000-0000-0000-000000000002', 1,  3000,  3500,  '2026-01-15'),
  ('33333333-0000-0000-0000-000000000005', '22222222-0000-0000-0000-000000000010', '11111111-0000-0000-0000-000000000003', 12, 76,    1080,  '2026-03-20'),
  ('33333333-0000-0000-0000-000000000005', '22222222-0000-0000-0000-000000000010', '11111111-0000-0000-0000-000000000003', 15, 76,    1350,  '2026-06-01'),
  ('33333333-0000-0000-0000-000000000006', '22222222-0000-0000-0000-000000000019', '11111111-0000-0000-0000-000000000004', 8,  84,    840,   '2026-04-01'),
  ('33333333-0000-0000-0000-000000000006', '22222222-0000-0000-0000-000000000019', '11111111-0000-0000-0000-000000000004', 10, 84,    1050,  '2026-06-08');
